{
    "methodology": "walk_forward_backtest_v2",
    "target_variable": "abnormal_return_1d",
    "n_total_calls": 1221,
    "n_features": 50,
    "n_active_trades": 747,
    "n_hold": 474,
    "n_buy": 524,
    "n_sell": 223,
    "transaction_cost_bps": 10,
    "total_strategy_return": -0.05240198472702107,
    "total_benchmark_return": -0.27862194828796605,
    "alpha": 0.00036353353945243864,
    "hit_rate": 0.536813922356091,
    "overall_accuracy": 0.48075348075348073,
    "annualized_sharpe": 0.09444710518699775,
    "max_drawdown": -0.7579684293723089,
    "t_statistic": 0.16261053617363053,
    "p_value": 0.8708691267942421,
    "statistically_significant": false,
    "mean_strategy_return": 0.00011481124877213085,
    "std_strategy_return": 0.019297278282636835,
    "confidence_tiers": {
        "medium_confidence": {
            "tier": "Medium (>55%)",
            "n_trades": 747,
            "n_buy": 524,
            "n_sell": 223,
            "hit_rate": 0.536813922356091,
            "sharpe": 0.09444710518699775,
            "total_return": -0.05240198472702107,
            "max_drawdown": -0.7579684293723089,
            "avg_pnl": 0.00011481124877213085,
            "t_stat": 0.16261053617363053,
            "p_value": 0.8708691267942421,
            "significant": false
        },
        "high_confidence": {
            "tier": "High (>60%)",
            "n_trades": 399,
            "n_buy": 316,
            "n_sell": 83,
            "hit_rate": 0.5764411027568922,
            "sharpe": 1.480381245146011,
            "total_return": 0.8630063356208169,
            "max_drawdown": -0.45743530743586736,
            "avg_pnl": 0.0017324289509208803,
            "t_stat": 1.8627722169887238,
            "p_value": 0.06323083368283659,
            "significant": false
        },
        "ultra_confidence": {
            "tier": "Ultra (>65%)",
            "n_trades": 166,
            "n_buy": 145,
            "n_sell": 21,
            "hit_rate": 0.5783132530120482,
            "sharpe": 1.4641699762113949,
            "total_return": 0.2910649638227285,
            "max_drawdown": -0.26023941052622446,
            "avg_pnl": 0.0017116899211502285,
            "t_stat": 1.1883524632696068,
            "p_value": 0.23640219586465447,
            "significant": false
        },
        "top_quintile": {
            "tier": "Top 20% Confidence",
            "n_trades": 244,
            "n_buy": 202,
            "n_sell": 42,
            "hit_rate": 0.610655737704918,
            "sharpe": 2.406507617548998,
            "total_return": 0.9747651975046825,
            "max_drawdown": -0.1495245265394698,
            "avg_pnl": 0.0029855520316793794,
            "t_stat": 2.36800101120944,
            "p_value": 0.018668167911280398,
            "significant": true
        }
    }
}